[{"position":{"page":0,"top":2,"left":0,"type":"Fixed"},"direction":"Vertical","valueKey":"rechargeInfo.billingType"},
{"position":{"page":0,"top":2,"left":1,"type":"Fixed"},"direction":"Vertical","valueKey":"rechargeInfo.cashArrivalTimeUtc"},
{"position":{"page":0,"top":2,"left":2,"type":"Fixed"},"direction":"Vertical","valueKey":"rechargeInfo.cashCount"},
{"position":{"page":0,"top":2,"left":3,"type":"Fixed"},"direction":"Vertical","valueKey":"rechargeInfo.cashArrivalTimeUtc"},
{"position":{"page":0,"top":2,"left":4,"type":"Fixed"},"direction":"Vertical","valueKey":"rechargeInfo.financeOperatorId"},
{"position":{"page":0,"top":2,"left":5,"type":"Fixed"},"direction":"Vertical","valueKey":"rechargeInfo.comments"}]