<?xml version="1.0" encoding="UTF-8"?>
<beans xmlns="http://www.springframework.org/schema/beans"
    xmlns:mvc="http://www.springframework.org/schema/mvc"
	xmlns:xsi="http://www.w3.org/2001/XMLSchema-instance"
	xmlns:beans="http://www.springframework.org/schema/beans"
	xmlns:context="http://www.springframework.org/schema/context"
	xmlns:aop="http://www.springframework.org/schema/aop"
	xsi:schemaLocation="http://www.springframework.org/schema/mvc http://www.springframework.org/schema/mvc/spring-mvc.xsd
		http://www.springframework.org/schema/beans http://www.springframework.org/schema/beans/spring-beans.xsd
		http://www.springframework.org/schema/context http://www.springframework.org/schema/context/spring-context.xsd
		http://www.springframework.org/schema/aop http://www.springframework.org/schema/aop/spring-aop.xsd">
    
    <bean class="org.springframework.beans.factory.config.PropertyPlaceholderConfigurer">
	    <!-- property name="location" value="classpath:properties/sms.properties" /> -->
	</bean>
    
	<!-- DispatcherServlet Context: defines this servlet's request-processing infrastructure -->
	
	<!-- Enables the Spring MVC @Controller programming model -->
	<mvc:annotation-driven>
		<mvc:message-converters>
	        <bean class="org.springframework.http.converter.json.MappingJacksonHttpMessageConverter">
	            <property name="objectMapper">
	                <bean class="com.dl.location.mapper.CustomObjectMapper"/>
	            </property>
	        </bean>
	    </mvc:message-converters>
	</mvc:annotation-driven>
	
	<!-- Enables the AspectJ -->
	<aop:aspectj-autoproxy />
	
	<context:component-scan base-package="com.dl.location" />
	
	<mvc:interceptors>
	     <mvc:interceptor>
	        <mvc:mapping path="/**"/>
	        <mvc:exclude-mapping path="/api/app/**"/>
	        <mvc:exclude-mapping path="/page/**"/>
	        
	        <bean class="com.dl.location.aop.LogSysInterceptor" /> 
		 </mvc:interceptor>
	</mvc:interceptors>
	
	<!-- Handles HTTP GET requests for /resources/** by efficiently serving up static resources in the ${webappRoot}/resources directory -->
	<mvc:resources location="/resources/" mapping="/resources/**" /> 
	
	<!-- Resolves views selected for rendering by @Controllers to .jsp resources in the /WEB-INF/views directory -->
	<bean class="org.springframework.web.servlet.view.InternalResourceViewResolver">
		<beans:property name="prefix" value="/WEB-INF/views/" />
		<beans:property name="suffix" value=".jsp" />
	</bean>
	
	<bean id="multipartResolver" class="org.springframework.web.multipart.commons.CommonsMultipartResolver"> 
    	<property name="defaultEncoding" value="UTF-8" /> 
    	<property name="maxInMemorySize" value="40960" />
	</bean> 
	
	
</beans>
