<?xml version="1.0" encoding="UTF-8"?>

<beans xmlns="http://www.springframework.org/schema/beans"
	xmlns:xsi="http://www.w3.org/2001/XMLSchema-instance"
	xmlns:beans="http://www.springframework.org/schema/beans"
	xmlns:context="http://www.springframework.org/schema/context"
	xmlns:aop="http://www.springframework.org/schema/aop"
	xmlns:tx="http://www.springframework.org/schema/tx"
	xsi:schemaLocation="http://www.springframework.org/schema/beans http://www.springframework.org/schema/beans/spring-beans.xsd
		http://www.springframework.org/schema/context http://www.springframework.org/schema/context/spring-context.xsd
		http://www.springframework.org/schema/aop http://www.springframework.org/schema/aop/spring-aop.xsd
		http://www.springframework.org/schema/tx http://www.springframework.org/schema/tx/spring-tx.xsd">
	
	<!-- Root Context: defines shared resources visible to all other web components -->
	<bean class="org.springframework.beans.factory.config.PropertyPlaceholderConfigurer">
	    <property name="location" value="classpath:properties/jdbc.properties" />
	</bean>
	
	<bean id="dataSource" class="org.apache.commons.dbcp.BasicDataSource" destroy-method="close">  
       	<property name="driverClassName" value="${driver}" />  
       	<property name="url" value="${url}" />  
       	<property name="username" value="${username}" />  
       	<property name="password" value="${password}" />  
       	<property name="minIdle" value="${minIdle}" />
       	<property name="maxIdle" value="${maxIdle}" />
       	<property name="maxActive" value="${maxActive}" />
       	<property name="maxWait" value="${maxWait}" />
       	<property name="validationQuery" value="select 1" />   
		<property name="testOnBorrow" value="true"/> 
    </bean> 
    
	<bean id="txManager" class="org.springframework.jdbc.datasource.DataSourceTransactionManager">  
        <property name="dataSource" ref="dataSource" />  
    </bean> 
   
	<tx:annotation-driven transaction-manager="txManager" />
    
	<bean id="sqlSessionFactory" class="org.mybatis.spring.SqlSessionFactoryBean">  
		<property name="dataSource" ref="dataSource" /> 
		<property name="mapperLocations" value="classpath:mapping/*.xml"></property>
	</bean> 
 	
	<bean class="org.mybatis.spring.mapper.MapperScannerConfigurer">
        <property name="basePackage" value="com.dl.location.dao" />  
        <property name="sqlSessionFactoryBeanName" value="sqlSessionFactory"></property>  
    </bean>  


</beans>