<?xml version="1.0" encoding="UTF-8"?>

<beans xmlns="http://www.springframework.org/schema/beans"
	xmlns:xsi="http://www.w3.org/2001/XMLSchema-instance"
	xmlns:beans="http://www.springframework.org/schema/beans"
	xmlns:context="http://www.springframework.org/schema/context"
	xmlns:aop="http://www.springframework.org/schema/aop"
	xmlns:tx="http://www.springframework.org/schema/tx"
	xsi:schemaLocation="http://www.springframework.org/schema/beans http://www.springframework.org/schema/beans/spring-beans.xsd
		http://www.springframework.org/schema/context http://www.springframework.org/schema/context/spring-context.xsd
		http://www.springframework.org/schema/aop http://www.springframework.org/schema/aop/spring-aop.xsd
		http://www.springframework.org/schema/tx http://www.springframework.org/schema/tx/spring-tx.xsd">
	
	
	<!-- 自动扫描 -->
	<context:component-scan base-package="com.jeffrey.demo" />
	<!-- 引入配置文件 -->
	<bean id="propertyConfigurer"
		class="org.springframework.beans.factory.config.PropertyPlaceholderConfigurer">
		<property name="location" value="classpath:properties/db.properties" />
	</bean>
	<bean id="dataSource" class="org.apache.commons.dbcp.BasicDataSource"
		destroy-method="close">
		<property name="driverClassName" value="${driver}" />
		<property name="url" value="${url}" />
		<property name="username" value="${username}" />
		<property name="password" value="${password}" />
	</bean>
	
	<!-- spring和MyBatis完美整合，不需要mybatis的配置映射文件 -->
	<bean id="sqlSessionFactory" class="org.mybatis.spring.SqlSessionFactoryBean">
		<property name="dataSource" ref="dataSource" />
		<!-- 自动扫描mapping.xml文件 -->
		<property name="mapperLocations" value="classpath:mapping/*.xml"></property>
	</bean>
	
	<!-- DAO接口所在包名，Spring会自动查找其下的类 -->
	<bean class="org.mybatis.spring.mapper.MapperScannerConfigurer">
		<property name="basePackage" value="com.jeffrey.demo.dao" />
		<property name="sqlSessionFactoryBeanName" value="sqlSessionFactory"></property>
	</bean>
	
	<!-- (事务管理)transaction manager, use JtaTransactionManager for global tx -->
	<bean id="transactionManager"
		class="org.springframework.jdbc.datasource.DataSourceTransactionManager">
		<property name="dataSource" ref="dataSource" />
	</bean>
	
	
	
	<!-- Root Context: defines shared resources visible to all other web components -->
	<!-- <bean class="org.springframework.beans.factory.config.PropertyPlaceholderConfigurer">
	    <property name="location" value="classpath:properties/db.properties" />
	</bean> -->
	
	<!-- <bean id="dataSource" class="org.apache.commons.dbcp.BasicDataSource" destroy-method="close">  
       	<property name="driverClassName" value="${driver}" />  
       	<property name="url" value="${url}" />  
       	<property name="username" value="${username}" />  
       	<property name="password" value="${password}" />  
       	<property name="minIdle" value="${minIdle}" />
       	<property name="maxIdle" value="${maxIdle}" />
       	<property name="maxActive" value="${maxActive}" />
       	<property name="maxWait" value="${maxWait}" />
       	<property name="validationQuery" value="select 1" />   
		<property name="testOnBorrow" value="true"/> 
    </bean>  -->
    
	<!-- <bean id="txManager" class="org.springframework.jdbc.datasource.DataSourceTransactionManager">  
        <property name="dataSource" ref="dataSource" />  
    </bean> 
   
	<tx:annotation-driven transaction-manager="txManager" />
    
	<bean id="sqlSessionFactory" class="org.mybatis.spring.SqlSessionFactoryBean">  
		<property name="dataSource" ref="dataSource" /> 
		<property name="mapperLocations" value="classpath:mapping/*.xml"></property>
	</bean> 
 	
	<bean class="org.mybatis.spring.mapper.MapperScannerConfigurer">
        <property name="basePackage" value="com.jeffrey..dao" />  
        <property name="sqlSessionFactoryBeanName" value="sqlSessionFactory"></property>  
    </bean>  
 -->

</beans>