<?xml version="1.0" encoding="UTF-8"?>
<beans xmlns= "http://www.springframework.org/schema/beans"
       xmlns:xsi="http://www.w3.org/2001/XMLSchema-instance"
       xmlns:context="http://www.springframework.org/schema/context"
       xmlns:mvc="http://www.springframework.org/schema/mvc"
        xsi:schemaLocation="http://www.springframework.org/schema/beans
        http://www.springframework.org/schema/beans/spring-beans.xsd
        http://www.springframework.org/schema/context http://www.springframework.org/schema/context/spring-context.xsd
        http://www.springframework.org/schema/mvc http://www.springframework.org/schema/mvc/spring-mvc.xsd ">
        
        <!-- 方式一：
   配置使用IOC：直接引用
  -->
  <!-- 首先需要引入一个驱动，然後到這驱动类下面，去查看他的源代码，一下是mysql需要注入的对象 -->
  <!-- <bean name="dataSource" class="org.springframework.jdbc.datasource.DriverManagerDataSource">
   <property name="driverClassName" value="com.mysql.jdbc.Driver"></property>
   <property name="url" value="jdbc:mysql://localhost:3306/springMVCDemo"></property>
   <property name="username" value="root"></property>
   <property name="password" value="admin"></property>
  </bean> -->
 <!--  
  获取配置文件
 <bean id="config"
  class="org.springframework.beans.factory.config.PropertyPlaceholderConfigurer"> 
  <property name="locations"> 
   <list> 
    <value>classpath:properties/db-config.properties</value> 
   </list> 
  </property> 
 </bean> 
 
 获取数据源
 <bean id="dataSource" class="org.springframework.jdbc.datasource.DriverManagerDataSource"> 
  <property name="driverClassName"> 
   <value>${db.dirverClass}</value> 
  </property> 
  <property name="url"> 
   <value>${db.url}</value> 
  </property> 
  <property name="username"> 
   <value>${db.username}</value> 
  </property> 
  <property name="password"> 
   <value>${db.password}</value> 
  </property> 
 </bean> 
 
  
  
         -->

    <context:annotation-config />
    <!-- 自动扫描web包 ,将带有注解的类 纳入spring容器管理 -->  
    <context:component-scan base-package="com.jeffrey.demo.controller"></context:component-scan>  
</beans>