<?xml version="1.0" encoding="UTF-8" ?>  
<!DOCTYPE mapper  PUBLIC "-//mybatis.org//DTD Mapper 3.0//EN"  "http://mybatis.org/dtd/mybatis-3-mapper.dtd">  

<mapper namespace="com.dl.location.dao.LocationDao">
	<sql id="location_columns">
		locationId, symbolicId, mapId, mapXCord, mapYCord, 
		accuracy, area,areaId	
	</sql>
	<select id="getproduct" resultType="com.dl.location.admin.data.Product">
    	SELECT  product,sum(sale) sale   FROM product GROUP BY product ORDER BY sale DESC LIMIT 10
	</select> 
	<select id="getbrand"  resultType="com.dl.location.admin.data.Product">
    	SELECT  brand,sale  FROM product where product=#{product} ORDER BY sale DESC LIMIT 5
	</select> 
	<select id="getLocation"  resultType="com.dl.location.admin.data.ProductLocation">
    	SELECT * from productlocation
	</select> 
</mapper>
